{"cameraMode":{"drawMode":0,"name":"Shaded","section":"Shading Mode"},"sceneLighting":false,"audioPlay":false,"sceneViewState":{"m_AlwaysRefresh":false,"showFog":true,"showSkybox":false,"showFlares":true,"showImageEffects":true,"showParticleSystems":true,"showVisualEffectGraphs":true,"m_FxEnabled":true},"in2DMode":false,"pivot":{"x":1.7447702884674073,"y":-38.7896614074707,"z":17.398916244506837},"rotation":{"x":0.051523059606552127,"y":-0.04732319712638855,"z":-0.002443455858156085,"w":-0.9975952506065369},"size":1.4499682188034058,"orthographic":false}