{"cameraMode":{"drawMode":0,"name":"Shaded","section":"Shading Mode"},"sceneLighting":false,"audioPlay":false,"sceneViewState":{"m_AlwaysRefresh":false,"showFog":true,"showSkybox":false,"showFlares":true,"showImageEffects":true,"showParticleSystems":true,"showVisualEffectGraphs":true,"m_FxEnabled":true},"in2DMode":false,"pivot":{"x":4.040260314941406,"y":0.8789796829223633,"z":0.11210798472166062},"rotation":{"x":0.02506212331354618,"y":-0.9123364090919495,"z":0.05644737556576729,"w":0.40481194853782656},"size":0.0456843227148056,"orthographic":false}