{"count":1,"self":36.584464,"total":36.633123999999995,"children":{"InitializeActuators":{"count":1,"self":0.00072399999999999993,"total":0.00072399999999999993,"children":null},"InitializeSensors":{"count":1,"self":0.00056399999999999994,"total":0.00056399999999999994,"children":null},"AgentSendState":{"count":812,"self":0.0037059999999999997,"total":0.035643999999999995,"children":{"CollectObservations":{"count":163,"self":0.0052039999999999994,"total":0.0052039999999999994,"children":null},"WriteActionMask":{"count":163,"self":0.00029499999999999996,"total":0.00029499999999999996,"children":null},"RequestDecision":{"count":163,"self":0.026438999999999997,"total":0.026438999999999997,"children":null}}},"DecideAction":{"count":812,"self":0.002866,"total":0.002866,"children":null},"AgentAct":{"count":812,"self":0.008853999999999999,"total":0.008853999999999999,"children":null}},"gauges":{},"metadata":{"timer_format_version":"0.1.0","start_time_seconds":"1748874824","unity_version":"2023.2.20f1","command_line_arguments":"\/Applications\/Unity\/Hub\/Editor\/2023.2.20f1\/Unity.app\/Contents\/MacOS\/Unity -projectpath \/Users\/jalengiang\/Documents\/GitHub\/FinalProject -useHub -hubIPC -cloudEnvironment production -licensingIpc LicenseClient-jalengiang -hubSessionId e9bb27a0-bb80-4b63-acf8-d1f86a2e87bc -accessToken f1DJDbVuFUIUsO283FYm8wnXSmfc0elRNn7ubdDEV1A002f","communication_protocol_version":"1.5.0","com.unity.ml-agents_version":"2.0.1","scene_name":"Start Scene","end_time_seconds":"1748874860"}}