{"count":1,"self":771.41555199999993,"total":4196.2164705,"children":{"InitializeActuators":{"count":8,"self":0.0040297,"total":0.0040297,"children":null},"InitializeSensors":{"count":8,"self":0.0060858,"total":0.0060858,"children":null},"AgentSendState":{"count":312651,"self":68.616255999999993,"total":2439.6982757,"children":{"CollectObservations":{"count":500248,"self":2302.6751488,"total":2302.6751976,"children":null},"WriteActionMask":{"count":500248,"self":3.871124,"total":3.8711238,"children":null},"RequestDecision":{"count":500248,"self":15.410670399999999,"total":64.5356959,"children":{"AgentInfo.ToProto":{"count":500248,"self":10.8390592,"total":49.125025099999995,"children":{"GenerateSensorData":{"count":500248,"self":30.9825856,"total":38.285965999999995,"children":{"RayPerceptionSensor.Perceive":{"count":500248,"self":7.3033816,"total":7.3033817,"children":null}}}}}}}}},"DecideAction":{"count":312651,"self":962.99376639999991,"total":962.9937315,"children":null},"AgentAct":{"count":312651,"self":22.002441599999997,"total":22.002441599999997,"children":null},"AgentInfo.ToProto":{"count":832,"self":0.0197419,"total":0.0884157,"children":{"GenerateSensorData":{"count":832,"self":0.0611851,"total":0.0686738,"children":{"RayPerceptionSensor.Perceive":{"count":832,"self":0.0074887,"total":0.0074887,"children":null}}}}}},"gauges":{"Evade.CumulativeReward":{"count":832,"max":7588.56348,"min":-28.8499012,"runningAverage":3994.07715,"value":7187.03955,"weightedAverage":7336.70166}},"metadata":{"timer_format_version":"0.1.0","start_time_seconds":"1748574996","unity_version":"2023.2.20f1","command_line_arguments":"C:\\Program Files\\Unity\\Hub\\Editor\\2023.2.20f1\\Editor\\Unity.exe -projectpath C:\\Users\\arper\\FinalProject -useHub -hubIPC -cloudEnvironment production -licensingIpc LicenseClient-arper -hubSessionId 9859a911-950a-4887-9bd5-d60a62ca4373 -accessToken vVJJ2cS7vf9zfzk9Oa_FbxJU2paMIj4x1wb-rn4FmCA002f","communication_protocol_version":"1.5.0","com.unity.ml-agents_version":"2.0.1","scene_name":"TrainingScene","end_time_seconds":"1748579192"}}