{
    "name": "root",
    "gauges": {
        "Evade.Policy.Entropy.mean": {
            "value": 1.9621531963348389,
            "min": 1.9621531963348389,
            "max": 2.126570701599121,
            "count": 4
        },
        "Evade.Policy.Entropy.sum": {
            "value": 98201.84375,
            "min": 98201.84375,
            "max": 106447.6171875,
            "count": 4
        },
        "Evade.Step.mean": {
            "value": 199944.0,
            "min": 49992.0,
            "max": 199944.0,
            "count": 4
        },
        "Evade.Step.sum": {
            "value": 199944.0,
            "min": 49992.0,
            "max": 199944.0,
            "count": 4
        },
        "Evade.Policy.ExtrinsicValueEstimate.mean": {
            "value": -14.85111141204834,
            "min": -14.85111141204834,
            "max": -5.1934709548950195,
            "count": 4
        },
        "Evade.Policy.ExtrinsicValueEstimate.sum": {
            "value": -12341.2734375,
            "min": -12341.2734375,
            "max": -4315.7744140625,
            "count": 4
        },
        "Evade.Environment.EpisodeLength.mean": {
            "value": 599.0,
            "min": 599.0,
            "max": 599.1,
            "count": 4
        },
        "Evade.Environment.EpisodeLength.sum": {
            "value": 47920.0,
            "min": 47920.0,
            "max": 52712.0,
            "count": 4
        },
        "Evade.Environment.CumulativeReward.mean": {
            "value": -139.89631581306458,
            "min": -202.6143771149218,
            "max": -135.49475175812842,
            "count": 4
        },
        "Evade.Environment.CumulativeReward.sum": {
            "value": -11191.705265045166,
            "min": -16209.150169193745,
            "max": -10839.580140650272,
            "count": 4
        },
        "Evade.Policy.ExtrinsicReward.mean": {
            "value": -139.89631581306458,
            "min": -202.6143771149218,
            "max": -135.49475175812842,
            "count": 4
        },
        "Evade.Policy.ExtrinsicReward.sum": {
            "value": -11191.705265045166,
            "min": -16209.150169193745,
            "max": -10839.580140650272,
            "count": 4
        },
        "Evade.Losses.PolicyLoss.mean": {
            "value": 0.024533791752764954,
            "min": 0.022085271830825752,
            "max": 0.02518571856392858,
            "count": 4
        },
        "Evade.Losses.PolicyLoss.sum": {
            "value": 0.09813516701105982,
            "min": 0.09813516701105982,
            "max": 0.11979671601826945,
            "count": 4
        },
        "Evade.Losses.ValueLoss.mean": {
            "value": 13.67763102054596,
            "min": 13.67763102054596,
            "max": 22.29446074962616,
            "count": 4
        },
        "Evade.Losses.ValueLoss.sum": {
            "value": 54.71052408218384,
            "min": 54.71052408218384,
            "max": 102.1592418352763,
            "count": 4
        },
        "Evade.Policy.LearningRate.mean": {
            "value": 0.00019539363486879998,
            "min": 0.00019539363486879998,
            "max": 0.0002840592053136,
            "count": 4
        },
        "Evade.Policy.LearningRate.sum": {
            "value": 0.0007815745394751999,
            "min": 0.0007815745394751999,
            "max": 0.001277832074056,
            "count": 4
        },
        "Evade.Policy.Epsilon.mean": {
            "value": 0.16513120000000003,
            "min": 0.16513120000000003,
            "max": 0.19468639999999998,
            "count": 4
        },
        "Evade.Policy.Epsilon.sum": {
            "value": 0.6605248000000001,
            "min": 0.6605248000000001,
            "max": 0.9259440000000001,
            "count": 4
        },
        "Evade.Policy.Beta.mean": {
            "value": 0.0032600468800000003,
            "min": 0.0032600468800000003,
            "max": 0.00473485136,
            "count": 4
        },
        "Evade.Policy.Beta.sum": {
            "value": 0.013040187520000001,
            "min": 0.013040187520000001,
            "max": 0.021304605600000002,
            "count": 4
        },
        "Evade.Losses.PretrainingLoss.mean": {
            "value": 1.8475143015384674,
            "min": 1.8475143015384674,
            "max": 1.9831493943929674,
            "count": 4
        },
        "Evade.Losses.PretrainingLoss.sum": {
            "value": 7.39005720615387,
            "min": 7.39005720615387,
            "max": 9.60345858335495,
            "count": 4
        },
        "Evade.IsTraining.mean": {
            "value": 1.0,
            "min": 1.0,
            "max": 1.0,
            "count": 4
        },
        "Evade.IsTraining.sum": {
            "value": 1.0,
            "min": 1.0,
            "max": 1.0,
            "count": 4
        }
    },
    "metadata": {
        "timer_format_version": "0.1.0",
        "start_time_seconds": "1748732158",
        "python_version": "3.10.12 | packaged by Anaconda, Inc. | (main, Jul  5 2023, 19:01:18) [MSC v.1916 64 bit (AMD64)]",
        "command_line_arguments": "C:\\Users\\arper\\anaconda3\\envs\\mlagents\\Scripts\\mlagents-learn results\\test1\\configuration.yaml --run-id=test1 --force",
        "mlagents_version": "1.1.0",
        "mlagents_envs_version": "1.1.0",
        "communication_protocol_version": "1.5.0",
        "pytorch_version": "2.2.2+cu121",
        "numpy_version": "1.23.5",
        "end_time_seconds": "1748733782"
    },
    "total": 1623.2827755000035,
    "count": 1,
    "self": 0.015292600000975654,
    "children": {
        "run_training.setup": {
            "total": 0.2189792999997735,
            "count": 1,
            "self": 0.2189792999997735
        },
        "TrainerController.start_learning": {
            "total": 1623.0485036000027,
            "count": 1,
            "self": 1.0406855997862294,
            "children": {
                "TrainerController._reset_env": {
                    "total": 12.164990999997826,
                    "count": 1,
                    "self": 11.362093400006415,
                    "children": {
                        "demo_to_buffer": {
                            "total": 0.802897599991411,
                            "count": 1,
                            "self": 8.639998850412667e-05,
                            "children": {
                                "load_demonstration": {
                                    "total": 0.01785560000280384,
                                    "count": 1,
                                    "self": 0.015594200012856163,
                                    "children": {
                                        "read_file": {
                                            "total": 0.0022613999899476767,
                                            "count": 1,
                                            "self": 0.0022613999899476767
                                        }
                                    }
                                },
                                "make_demo_buffer": {
                                    "total": 0.784955600000103,
                                    "count": 1,
                                    "self": 0.15705020011228044,
                                    "children": {
                                        "steps_from_proto": {
                                            "total": 0.6279053998878226,
                                            "count": 4216,
                                            "self": 0.442654500293429,
                                            "children": {
                                                "_process_rank_one_or_two_observation": {
                                                    "total": 0.18525089959439356,
                                                    "count": 8432,