{"cameraMode":{"drawMode":0,"name":"Shaded","section":"Shading Mode"},"sceneLighting":false,"audioPlay":false,"sceneViewState":{"m_AlwaysRefresh":false,"showFog":true,"showSkybox":false,"showFlares":true,"showImageEffects":true,"showParticleSystems":true,"showVisualEffectGraphs":true,"m_FxEnabled":true},"in2DMode":false,"pivot":{"x":3.367000102996826,"y":0.633368194103241,"z":-0.9192887544631958},"rotation":{"x":0.04792188107967377,"y":0.30829665064811709,"z":0.015552799217402935,"w":-0.9500060081481934},"size":0.15805134177207948,"orthographic":false}